{
  "timestamp": "2026-01-27T18:05:48.601390Z",
  "session": "converge-20260127-180548",
  "baseline": {
    "files_processed": 368,
    "transpile_success": 93,
    "transpile_rate": 0.25271739130434784,
    "compile_errors": 9743
  },
  "error_distribution": {
    "TRANSPILE_syntax": 30,
    "E0106_borrow_checker": 2,
    "E0624_syntax": 4,
    "E0610_syntax": 4,
    "E0658_syntax": 6,
    "E0284_syntax": 1,
    "E0606_syntax": 38,
    "E0072_syntax": 3,
    "E0573_syntax": 22,
    "E0728_syntax": 8,
    "E0599_syntax": 1620,
    "E0425_missing_import": 515,
    "E0308_syntax": 3433,
    "E0382_syntax": 13,
    "E0525_syntax": 6,
    "E0392_syntax": 3,
    "E0609_syntax": 420,
    "E0317_syntax": 9,
    "E0004_syntax": 2,
    "E0381_syntax": 2,
    "E0423_syntax": 79,
    "E0369_syntax": 106,
    "E0405_missing_import": 5,
    "E0507_syntax": 9,
    "E0593_syntax": 3,
    "E0069_syntax": 1,
    "E0271_type_inference": 1,
    "TRANSPILE_type_inference": 3,
    "E0596_syntax": 8,
    "E????_missing_import": 11,
    "E0631_syntax": 41,
    "E0368_syntax": 3,
    "E0283_syntax": 153,
    "E0562_syntax": 15,
    "E????_syntax": 24,
    "E0747_syntax": 5,
    "E0310_syntax": 5,
    "E0530_syntax": 1,
    "E0061_syntax": 606,
    "E0277_trait_bound": 98,
    "E0027_syntax": 4,
    "E0428_syntax": 1,
    "E0107_syntax": 42,
    "E0267_syntax": 5,
    "E0599_trait_bound": 4,
    "E0277_syntax": 1092,
    "E0665_syntax": 1,
    "E0271_syntax": 7,
    "E0618_syntax": 18,
    "E0164_syntax": 16,
    "E0600_syntax": 48,
    "E0608_syntax": 36,
    "E0614_syntax": 17,
    "E0057_syntax": 17,
    "overflowing_literals_syntax": 1,
    "E0282_syntax": 750,
    "E0515_syntax": 1,
    "E0605_syntax": 314,
    "E0268_syntax": 1,
    "E0689_syntax": 46,
    "E0063_syntax": 1,
    "E0592_syntax": 3
  },
  "oracle_performance": {
    "type_mismatch_confidence": 0.8500000238418579,
    "trait_bound_confidence": 0.8500000238418579,
    "borrow_checker_confidence": 0.8500000238418579,
    "missing_import_confidence": 0.8500000238418579
  },
  "roi_metrics": {
    "high_confidence_errors": 9743,
    "medium_confidence_errors": 0,
    "total_classifiable": 9743,
    "classifiable_rate": 1.0,
    "estimated_savings_cents": 38972,
    "fixes_available": 9743,
    "fix_availability_rate": 1.0,
    "concrete_type_usages": 0,
    "depyler_value_usages": 0,
    "escape_rate": 0.0,
    "escape_rate_falsified": false
  }
}